<?xml version="1.0"?>
<ArrayOfRuleDef xmlns:xsd="http://www.w3.org/2001/XMLSchema" xmlns:xsi="http://www.w3.org/2001/XMLSchema-instance">
  <RuleDef>
    <Version>2.22.109</Version>
    <ScriptCode><block>
  <set name="message">
    <const value="This field must contain a date a minimum of three days in the future." />
  </set>
  <if>
    <condition>
      <not>
        <isnullorwhitespace>
          <diget dataitemid="APPS_Requested_Exam_Date" />
        </isnullorwhitespace>
      </not>
      <not>
        <isnull>
          <diget dataitemid="APPS_Requested_Exam_Date" type="DateTime" />
        </isnull>
      </not>
      <not>
        <compare op="&lt;">
          <datetimedifference option="Day">
            <datetimenow />
            <diget dataitemid="APPS_Requested_Exam_Date" type="DateTime" />
          </datetimedifference>
          <const value="0" />
        </compare>
      </not>
    </condition>
    <postmessage dataitemid="APPS_Requested_Exam_Date">
      <get name="message" />
    </postmessage>
    <else />
    <removemessage dataitemid="APPS_Requested_Exam_Date" />
  </if>
</block></ScriptCode>
    <RuleName>Date Future: APPS_Requested_Exam_Date</RuleName>
    <Class>All</Class>
    <LastUpdate>10/05/2021 08:34 PM</LastUpdate>
  </RuleDef>
  <RuleDef>
    <Version>2.22.109</Version>
    <ScriptCode><block>
  <set name="message">
    <const value="The date requested must be at least 3 days from now." />
  </set>
  <if>
    <condition>
      <not>
        <isnullorwhitespace>
          <diget dataitemid="APPS_Requested_Exam_Date" />
        </isnullorwhitespace>
      </not>
      <not>
        <isnull>
          <diget dataitemid="APPS_Requested_Exam_Date" type="DateTime" />
        </isnull>
      </not>
      <not>
        <compare op="&gt;=">
          <abs>
            <datetimedifference option="Day">
              <datetimenow />
              <diget dataitemid="APPS_Requested_Exam_Date" type="DateTime" />
            </datetimedifference>
          </abs>
          <const value="3" />
        </compare>
      </not>
    </condition>
    <postmessage dataitemid="APPS_Requested_Exam_Date">
      <get name="message" />
    </postmessage>
    <else />
    <removemessage dataitemid="APPS_Requested_Exam_Date" />
  </if>
</block></ScriptCode>
    <RuleName>Date Within: APPS_Requested_Exam_Date</RuleName>
    <Class>All</Class>
    <LastUpdate>10/05/2021 08:33 PM</LastUpdate>
  </RuleDef>
  <RuleDef>
    <Version>2.22.111</Version>
    <ScriptCode><setcontrolstate dataitemid="APPS_Calendar_Custom_Action" clearondisable="true">
  <and>
  <compare op="==">
    <diget dataitemid="Check_SpecificDate_APPS" />
    <const value="Yes" />
  </compare> 
   <isnullorwhitespace>
    <diget dataitemid="APPS_Paramed_Confirm_ID" /> 
   </isnullorwhitespace>
  </and>
</setcontrolstate></ScriptCode>
    <RuleName>Enable (Value): APPS_Calendar_Custom_Action</RuleName>
    <Class>All</Class>
    <LastUpdate>10/06/2021 06:14 PM</LastUpdate>
  </RuleDef>
  <RuleDef>
    <Version>2.22.113</Version>
    <ScriptCode><setcontrolstate dataitemid="APPS_Reservation_Custom_Action" clearondisable="true">
  <and>
  <compare op="==">
    <diget dataitemid="Check_SpecificDate_APPS" />
    <const value="Yes" />
  </compare> 
   <isnullorwhitespace>
    <diget dataitemid="APPS_Paramed_Confirm_ID" /> 
   </isnullorwhitespace>
  </and>
</setcontrolstate></ScriptCode>
    <RuleName>Enable (Value): APPS_Order_Custom_Action</RuleName>
    <Class>All</Class>
    <LastUpdate>11/05/2021 03:47 PM</LastUpdate>
  </RuleDef>
  <RuleDef>
    <Version>2.22.109</Version>
    <ScriptCode><setcontrolstate dataitemid="APPS_Requested_Exam_Date" clearondisable="true">
 <compare op="==">
    <diget dataitemid="Check_SpecificDate_APPS" />
    <const value="Yes" type="String" />
  </compare>
</setcontrolstate></ScriptCode>
    <RuleName>Enable (Value): APPS_Requested_Exam_Date</RuleName>
    <Class>All</Class>
    <LastUpdate>10/05/2021 08:39 PM</LastUpdate>
  </RuleDef>
  <RuleDef>
    <Version>2.22.213</Version>
    <ScriptCode><setcontrolstate dataitemid="Check_SpecificDate_APPS" clearondisable="true">
   <compare op="==">
    <diget dataitemid="FLI_UNDERWRITING_PARAMED_POST_SIGNATURE" />
    <const value="false" type="String" />
  </compare>
</setcontrolstate></ScriptCode>
    <RuleName>Enable (Value): Check_SpecificDate_APPS</RuleName>
    <Class>All</Class>
    <LastUpdate>12/02/2021 06:10 PM</LastUpdate>
  </RuleDef>
  <RuleDef>
    <Version>2.22.222</Version>
    <ScriptCode><setcontrolstate dataitemid="FLI_UNDERWRITING_PARAMED_SELECTED" clearondisable="true">
 <compare op="==">
    <diget dataitemid="Exam_Order_Request" />
    <const value="Yes" type="String" />
  </compare>
</setcontrolstate></ScriptCode>
    <RuleName>Enable (Value): FLI_UNDERWRITING_PARAMED_SELECTED</RuleName>
    <Class>All</Class>
    <LastUpdate>12/09/2021 09:46 PM</LastUpdate>
  </RuleDef>
  <RuleDef>
    <Version>2.22.217</Version>
    <ScriptCode><block>
  <set name="message">
    <const value="This field is required." type="String" />
  </set>
  <if>
    <condition>
      <isnullorwhitespace>
        <diget dataitemid="ParamedDaySlots" />
      </isnullorwhitespace>
    </condition>
    <postmessage dataitemid="ParamedDaySlots">
      <get name="message" />
    </postmessage>
    <else />
    <removemessage dataitemid="ParamedDaySlots" />
  </if>
</block></ScriptCode>
    <RuleName>Required: </RuleName>
    <Class>All</Class>
    <LastUpdate>12/06/2021 09:48 PM</LastUpdate>
  </RuleDef>
  <RuleDef>
    <Version>2.22.217</Version>
    <ScriptCode><block>
  <set name="message">
    <const value="This field is required." type="String" />
  </set>
  <if>
    <condition>
      <isnullorwhitespace>
        <diget dataitemid="ParamedMessage" />
      </isnullorwhitespace>
    </condition>
    <postmessage dataitemid="ParamedMessage">
      <get name="message" />
    </postmessage>
    <else />
    <removemessage dataitemid="ParamedMessage" />
  </if>
</block></ScriptCode>
    <RuleName>Required: </RuleName>
    <Class>All</Class>
    <LastUpdate>12/06/2021 09:48 PM</LastUpdate>
  </RuleDef>
  <RuleDef>
    <Version>2.22.109</Version>
    <ScriptCode><block>
  <set name="message">
    <const value="This field is required." type="String" />
  </set>
  <if>
    <condition>
      <isnullorwhitespace>
        <diget dataitemid="APPS_Requested_Exam_Date" />
      </isnullorwhitespace>
    </condition>
    <postmessage dataitemid="APPS_Requested_Exam_Date">
      <get name="message" />
    </postmessage>
    <else />
    <removemessage dataitemid="APPS_Requested_Exam_Date" />
  </if>
</block></ScriptCode>
    <RuleName>Required: APPS_Requested_Exam_Date</RuleName>
    <Class>All</Class>
    <LastUpdate>10/05/2021 08:39 PM</LastUpdate>
  </RuleDef>
  <RuleDef>
    <Version>2.22.109</Version>
    <ScriptCode><block>
  <set name="message">
    <const value="This field is required." type="String" />
  </set>
  <if>
    <condition>
      <isnullorwhitespace>
        <diget dataitemid="Check_SpecificDate_APPS" />
      </isnullorwhitespace>
    </condition>
    <postmessage dataitemid="Check_SpecificDate_APPS">
      <get name="message" />
    </postmessage>
    <else />
    <removemessage dataitemid="Check_SpecificDate_APPS" />
  </if>
</block></ScriptCode>
    <RuleName>Required: Check_SpecificDate_APPS</RuleName>
    <Class>All</Class>
    <LastUpdate>10/05/2021 08:37 PM</LastUpdate>
  </RuleDef>
  <RuleDef>
    <Version>2.22.222</Version>
    <ScriptCode><block>
  <set name="message">
    <const value="This field is required." type="String" />
  </set>
  <if>
    <condition>
      <isnullorwhitespace>
        <diget dataitemid="Exam_Order_Request" />
      </isnullorwhitespace>
    </condition>
    <postmessage dataitemid="Exam_Order_Request">
      <get name="message" />
    </postmessage>
    <else />
    <removemessage dataitemid="Exam_Order_Request" />
  </if>
</block></ScriptCode>
    <RuleName>Required: Exam_Order_Request</RuleName>
    <Class>All</Class>
    <LastUpdate>12/09/2021 09:45 PM</LastUpdate>
  </RuleDef>
  <RuleDef>
    <Version>2.22.222</Version>
    <ScriptCode><block>
  <set name="message">
    <const value="This field is required." type="String" />
  </set>
  <if>
    <condition>
      <isnullorwhitespace>
        <diget dataitemid="FLI_UNDERWRITING_PARAMED_SELECTED" />
      </isnullorwhitespace>
    </condition>
    <postmessage dataitemid="FLI_UNDERWRITING_PARAMED_SELECTED">
      <get name="message" />
    </postmessage>
    <else />
    <removemessage dataitemid="FLI_UNDERWRITING_PARAMED_SELECTED" />
  </if>
</block></ScriptCode>
    <RuleName>Required: FLI_UNDERWRITING_PARAMED_SELECTED</RuleName>
    <Class>All</Class>
    <LastUpdate>12/09/2021 09:46 PM</LastUpdate>
  </RuleDef>
  <RuleDef>
    <Version>2.22.109</Version>
    <ScriptCode><setvisibility dataitemid="APPS_Panel">
  <compare op="==">
    <diget dataitemid="FLI_UNDERWRITING_PARAMED_SELECTED" />
    <const value="APPS" type="String" />
  </compare>
</setvisibility></ScriptCode>
    <RuleName>Visibility (Value): APPS Panel</RuleName>
    <Class>All</Class>
    <LastUpdate>11/11/2021 04:39 PM</LastUpdate>
  </RuleDef>
  <RuleDef>
    <Version>2.22.213</Version>
    <ScriptCode><setvisibility dataitemid="APPS_Check_Calendar">  
  <compare op="==">
    <diget dataitemid="FLI_UNDERWRITING_PARAMED_POST_SIGNATURE" />
    <const value="false" type="String" />
  </compare> 
</setvisibility></ScriptCode>
    <RuleName>Visibility (Value): APPS_Check_Calendar</RuleName>
    <Class>All</Class>
    <LastUpdate>12/02/2021 06:11 PM</LastUpdate>
  </RuleDef>
  <RuleDef>
    <Version>2.22.109</Version>
    <ScriptCode><setvisibility dataitemid="APPS_Check_Exam_Dates_Group">
  <compare op="==">
    <diget dataitemid="Check_SpecificDate_APPS" />
    <const value="Yes" type="String" />
  </compare>
</setvisibility></ScriptCode>
    <RuleName>Visibility (Value): APPS_Check_Exam_Dates_Group</RuleName>
    <Class>All</Class>
    <LastUpdate>10/05/2021 08:38 PM</LastUpdate>
  </RuleDef>
  <RuleDef>
    <Version>2.22.168</Version>
    <ScriptCode><setvisibility dataitemid="APPS_Submit_Paramed_Order"> 
  <compare op="==">
    <diget dataitemid="Check_SpecificDate_APPS" />
    <const value="No" type="String" />
  </compare> 
</setvisibility></ScriptCode>
    <RuleName>Visibility (Value): APPS_Submit_Paramed_Order</RuleName>
    <Class>All</Class>
    <LastUpdate>11/11/2021 06:28 PM</LastUpdate>
  </RuleDef>
  <RuleDef>
    <Version>2.22.213</Version>
    <ScriptCode><setvisibility dataitemid="Check_SpecificDate_APPS">
  <compare op="==">
    <diget dataitemid="FLI_UNDERWRITING_PARAMED_POST_SIGNATURE" />
    <const value="false" type="String" />
  </compare>
</setvisibility></ScriptCode>
    <RuleName>Visibility (Value): Check_SpecificDate_APPS</RuleName>
    <Class>All</Class>
    <LastUpdate>12/02/2021 06:10 PM</LastUpdate>
  </RuleDef>
  <RuleDef>
    <Version>2.22.180</Version>
    <ScriptCode><setvisibility dataitemid="FLI_UNDERWRITING_PARAMED_SELECTED">
  <compare op="==">
    <diget dataitemid="Exam_Order_Request" />
    <const value="Yes" type="String" />
  </compare>
</setvisibility></ScriptCode>
    <RuleName>Visibility (Value): FLI_UNDERWRITING_PARAMED_SELECTED</RuleName>
    <Class>All</Class>
    <LastUpdate>11/11/2021 04:17 PM</LastUpdate>
  </RuleDef>
  <RuleDef>
    <Version>2.22.180</Version>
    <ScriptCode><setvisibility dataitemid="Paramed_Vendor_Select_Label">
 <compare op="==">
    <diget dataitemid="Exam_Order_Request" />
    <const value="Yes" type="String" />
  </compare>
</setvisibility></ScriptCode>
    <RuleName>Visibility (Value): Paramed_Vendor_Select_Label</RuleName>
    <Class>All</Class>
    <LastUpdate>11/11/2021 04:18 PM</LastUpdate>
  </RuleDef>
</ArrayOfRuleDef>