<?xml version="1.0"?>
<ArrayOfRuleDef xmlns:xsd="http://www.w3.org/2001/XMLSchema" xmlns:xsi="http://www.w3.org/2001/XMLSchema-instance">
  <RuleDef>
    <Version>2.15.0.125</Version>
    <ScriptCode><if>
  <condition>
    <and>
      <or>
        <compare op="!=">
        <const value="" type="String" />
          <diget version="Current" dataitemid="BankAcctAddedDate" />
        </compare>
        <compare op="!=">
        <const value="" type="String" />
          <diget version="Current" dataitemid="BankAcctLastUpdatedDate" />
        </compare>
      </or>
      <or>
        <compare op="!=">
          <diget version="Original" dataitemid="BankAcctAddedDate" />
          <diget version="Current" dataitemid="BankAcctAddedDate" />
        </compare>
        <compare op="!=">
          <diget version="Original" dataitemid="BankAcctLastUpdatedDate" />
          <diget version="Current" dataitemid="BankAcctLastUpdatedDate" />
        </compare>
      </or>
    </and>
  </condition>    
  <removemessage dataitemid="GIACT!" />
  <setcontrolstate dataitemid="GIACT!">
    <const value="false" type="Boolean" />
  </setcontrolstate>
</if></ScriptCode>
    <RuleName>Clear Message on Response</RuleName>
    <Class>All</Class>
  </RuleDef>
  <RuleDef>
    <Version>2.15.0.125</Version>
    <ScriptCode><if>
  <condition>
      <isnullorwhitespace>
        <diget dataitemid="gAuthenticateResponse" />
      </isnullorwhitespace>
  </condition>
  <removemessage dataitemid="gAuthenticateResponse" />
  <else />
  <postmessage dataitemid="gAuthenticateResponse">
    <const value="We are unable to process this account at this time.  Please provide alternate account or select a different funding source." />
  </postmessage>
</if></ScriptCode>
    <RuleName>gAuthenticateResponseError</RuleName>
    <Class>All</Class>
  </RuleDef>
  <RuleDef>
    <Version>2.15.0.125</Version>
    <ScriptCode><if>
  <condition>
      <isnullorwhitespace>
        <diget dataitemid="gVerifyResponse" />
      </isnullorwhitespace>
  </condition>
  <removemessage dataitemid="gVerifyResponse" />
  <else />
  <postmessage dataitemid="gVerifyResponse">
    <const value="We are unable to process this account at this time.  Please provide alternate account or select a different funding source." />
  </postmessage>
</if></ScriptCode>
    <RuleName>gVerifyResponseError</RuleName>
    <Class>All</Class>
  </RuleDef>
  <RuleDef>
    <Version>2.15.0.125</Version>
    <ScriptCode><if>
  <condition>
    <or>
      <compare op="!=">
        <diget version="Original" dataitemid="giactAccountNum" />
        <diget version="Current" dataitemid="giactAccountNum" />
      </compare>
      <compare op="!=">
        <diget version="Original" dataitemid="giactRoutingNum" />
        <diget version="Current" dataitemid="giactRoutingNum" />
      </compare>
      <compare op="!=">
        <diget version="Original" dataitemid="FirstName" />
        <diget version="Current" dataitemid="FirstName" />
      </compare>
      <compare op="!=">
        <diget version="Original" dataitemid="LastName" />
        <diget version="Current" dataitemid="LastName" />
      </compare>
      <compare op="!=">
        <diget version="Original" dataitemid="BusinessName" />
        <diget version="Current" dataitemid="BusinessName" />
      </compare>
    </or>
  </condition>
  <postmessage dataitemid="GIACT!">
    <const value="Changing routing number, account number, first name, last name, or business name requires the EFT button be selected to run the call again." />
  </postmessage>
  <setcontrolstate dataitemid="GIACT!">
    <const value="true" type="Boolean" />
  </setcontrolstate>
  <else />
  <removemessage dataitemid="GIACT!" />
  <setcontrolstate dataitemid="GIACT!">
    <const value="false" type="Boolean" />
  </setcontrolstate>
</if></ScriptCode>
    <RuleName>Require Button on Change</RuleName>
    <Class>All</Class>
  </RuleDef>
  <RuleDef>
    <Version>2.15.0.125</Version>
    <ScriptCode><if> 
 <condition> 
   <not>
     <isnullorwhitespace>
       <diget dataitemid="GIACT!" />
     </isnullorwhitespace>  
   </not>
 </condition> 
 <removemessage dataitemid="GIACT!" />
 <else />
 <postmessage dataitemid="GIACT!"> 
   <const value="You must run the GIACT service at least once." />
 </postmessage> 
</if></ScriptCode>
    <RuleName>Require GIACT! Button to Be Clicked</RuleName>
    <Class>All</Class>
  </RuleDef>
</ArrayOfRuleDef>